Name,Age,City,Occupation
Adam Green,30,Orlando,HR Manager
Alex Torres,27,Cincinnati,Software Engineer
Amanda Martinez,26,Denver,Nurse
Amy Scott,29,Pittsburgh,Photographer
Brandon Wright,32,Minneapolis,Professor
Brian Moore,34,Phoenix,Architect
Carlos Martinez,33,San Francisco,Entrepreneur
Chris Wilson,31,Austin,Writer
Christina Turner,35,Oakland,Project Manager
Daniel Collins,36,San Jose,Engineer
David Johnson,35,Chicago,Doctor
Derek Baker,34,Tampa,Public Relations
Emily Brown,28,San Francisco,Artist
Emma Rodriguez,28,Washington DC,Lawyer
Erica Martin,31,Charlotte,Real Estate Agent
Hannah Walker,27,Indianapolis,Writer
Jane Smith,25,Los Angeles,Teacher
Jason Adams,33,Baltimore,Web Developer
Jennifer White,29,Dallas,Graphic Designer
John Doe,30,New York,Engineer
Joshua Murphy,31,Charlotte,Physician
Katie Rivera,32,Las Vegas,Entrepreneur
Kevin Garcia,27,Seattle,Software Developer
Laura Perez,27,Detroit,Journalist
Lauren Carter,30,Dallas,Marketing Manager
Lisa Anderson,29,Boston,Marketing Manager
Mark Taylor,33,Atlanta,Entrepreneur
Matthew Thompson,35,San Antonio,Consultant
Melissa Hernandez,28,Sacramento,Financial Analyst
Michael Lee,40,Houston,Accountant
Natalie Cook,31,Cleveland,Artist
Olivia Hill,26,St. Louis,Event Planner
Patrick Young,29,Kansas City,Sales Manager
Rachel King,36,San Diego,Chef
Robert Ramirez,26,Seattle,Software Developer
Ryan Lewis,28,Portland,Musician
Samantha Reed,29,New Orleans,Teacher
Sarah Clark,32,Miami,Lawyer
Stephanie Hall,30,Philadelphia,Research Scientist
